clip_id,label,file_path,camera_index,fps,frame_count,width,height,clip_seconds,recorded_at
i_20260329_190625_001,i,C:\Users\qqq02\Desktop\99_docs_analysis\datasets\recorded\webcam_30_words\i\i_20260329_190625_001.mp4,0,20.00,48,1280,720,2.40,2026-03-29 19:06:27
i_20260329_190632_002,i,C:\Users\qqq02\Desktop\99_docs_analysis\datasets\recorded\webcam_30_words\i\i_20260329_190632_002.mp4,0,20.00,48,1280,720,2.40,2026-03-29 19:06:34
i_20260329_190638_003,i,C:\Users\qqq02\Desktop\99_docs_analysis\datasets\recorded\webcam_30_words\i\i_20260329_190638_003.mp4,0,20.00,48,1280,720,2.40,2026-03-29 19:06:40
i_20260329_190644_004,i,C:\Users\qqq02\Desktop\99_docs_analysis\datasets\recorded\webcam_30_words\i\i_20260329_190644_004.mp4,0,20.00,48,1280,720,2.40,2026-03-29 19:06:46
i_20260329_190651_005,i,C:\Users\qqq02\Desktop\99_docs_analysis\datasets\recorded\webcam_30_words\i\i_20260329_190651_005.mp4,0,20.00,48,1280,720,2.40,2026-03-29 19:06:52
i_20260329_190656_006,i,C:\Users\qqq02\Desktop\99_docs_analysis\datasets\recorded\webcam_30_words\i\i_20260329_190656_006.mp4,0,20.00,48,1280,720,2.40,2026-03-29 19:06:58
i_20260329_190702_007,i,C:\Users\qqq02\Desktop\99_docs_analysis\datasets\recorded\webcam_30_words\i\i_20260329_190702_007.mp4,0,20.00,48,1280,720,2.40,2026-03-29 19:07:04
i_20260329_190708_008,i,C:\Users\qqq02\Desktop\99_docs_analysis\datasets\recorded\webcam_30_words\i\i_20260329_190708_008.mp4,0,20.00,48,1280,720,2.40,2026-03-29 19:07:10
i_20260329_190714_009,i,C:\Users\qqq02\Desktop\99_docs_analysis\datasets\recorded\webcam_30_words\i\i_20260329_190714_009.mp4,0,20.00,48,1280,720,2.40,2026-03-29 19:07:16
i_20260329_190720_010,i,C:\Users\qqq02\Desktop\99_docs_analysis\datasets\recorded\webcam_30_words\i\i_20260329_190720_010.mp4,0,20.00,48,1280,720,2.40,2026-03-29 19:07:22
i_20260329_190726_011,i,C:\Users\qqq02\Desktop\99_docs_analysis\datasets\recorded\webcam_30_words\i\i_20260329_190726_011.mp4,0,20.00,48,1280,720,2.40,2026-03-29 19:07:28
i_20260329_190732_012,i,C:\Users\qqq02\Desktop\99_docs_analysis\datasets\recorded\webcam_30_words\i\i_20260329_190732_012.mp4,0,20.00,48,1280,720,2.40,2026-03-29 19:07:34
i_20260329_190740_013,i,C:\Users\qqq02\Desktop\99_docs_analysis\datasets\recorded\webcam_30_words\i\i_20260329_190740_013.mp4,0,20.00,48,1280,720,2.40,2026-03-29 19:07:42
i_20260329_190747_014,i,C:\Users\qqq02\Desktop\99_docs_analysis\datasets\recorded\webcam_30_words\i\i_20260329_190747_014.mp4,0,20.00,48,1280,720,2.40,2026-03-29 19:07:48
i_20260329_190753_015,i,C:\Users\qqq02\Desktop\99_docs_analysis\datasets\recorded\webcam_30_words\i\i_20260329_190753_015.mp4,0,20.00,48,1280,720,2.40,2026-03-29 19:07:55
i_20260329_190800_016,i,C:\Users\qqq02\Desktop\99_docs_analysis\datasets\recorded\webcam_30_words\i\i_20260329_190800_016.mp4,0,20.00,48,1280,720,2.40,2026-03-29 19:08:02
i_20260329_190806_017,i,C:\Users\qqq02\Desktop\99_docs_analysis\datasets\recorded\webcam_30_words\i\i_20260329_190806_017.mp4,0,20.00,48,1280,720,2.40,2026-03-29 19:08:08
i_20260329_190812_018,i,C:\Users\qqq02\Desktop\99_docs_analysis\datasets\recorded\webcam_30_words\i\i_20260329_190812_018.mp4,0,20.00,48,1280,720,2.40,2026-03-29 19:08:14
i_20260329_190817_019,i,C:\Users\qqq02\Desktop\99_docs_analysis\datasets\recorded\webcam_30_words\i\i_20260329_190817_019.mp4,0,20.00,48,1280,720,2.40,2026-03-29 19:08:19
i_20260329_190823_020,i,C:\Users\qqq02\Desktop\99_docs_analysis\datasets\recorded\webcam_30_words\i\i_20260329_190823_020.mp4,0,20.00,48,1280,720,2.40,2026-03-29 19:08:25
i_20260329_190831_021,i,C:\Users\qqq02\Desktop\99_docs_analysis\datasets\recorded\webcam_30_words\i\i_20260329_190831_021.mp4,0,20.00,48,1280,720,2.40,2026-03-29 19:08:32
i_20260329_190836_022,i,C:\Users\qqq02\Desktop\99_docs_analysis\datasets\recorded\webcam_30_words\i\i_20260329_190836_022.mp4,0,20.00,48,1280,720,2.40,2026-03-29 19:08:38
i_20260329_190844_023,i,C:\Users\qqq02\Desktop\99_docs_analysis\datasets\recorded\webcam_30_words\i\i_20260329_190844_023.mp4,0,20.00,48,1280,720,2.40,2026-03-29 19:08:45
i_20260329_190854_024,i,C:\Users\qqq02\Desktop\99_docs_analysis\datasets\recorded\webcam_30_words\i\i_20260329_190854_024.mp4,0,20.00,48,1280,720,2.40,2026-03-29 19:08:55
i_20260329_190859_025,i,C:\Users\qqq02\Desktop\99_docs_analysis\datasets\recorded\webcam_30_words\i\i_20260329_190859_025.mp4,0,20.00,48,1280,720,2.40,2026-03-29 19:09:01
i_20260329_190905_026,i,C:\Users\qqq02\Desktop\99_docs_analysis\datasets\recorded\webcam_30_words\i\i_20260329_190905_026.mp4,0,20.00,48,1280,720,2.40,2026-03-29 19:09:07
i_20260329_190914_027,i,C:\Users\qqq02\Desktop\99_docs_analysis\datasets\recorded\webcam_30_words\i\i_20260329_190914_027.mp4,0,20.00,48,1280,720,2.40,2026-03-29 19:09:15
i_20260329_190921_028,i,C:\Users\qqq02\Desktop\99_docs_analysis\datasets\recorded\webcam_30_words\i\i_20260329_190921_028.mp4,0,20.00,48,1280,720,2.40,2026-03-29 19:09:22
i_20260329_190926_029,i,C:\Users\qqq02\Desktop\99_docs_analysis\datasets\recorded\webcam_30_words\i\i_20260329_190926_029.mp4,0,20.00,48,1280,720,2.40,2026-03-29 19:09:28
i_20260329_190932_030,i,C:\Users\qqq02\Desktop\99_docs_analysis\datasets\recorded\webcam_30_words\i\i_20260329_190932_030.mp4,0,20.00,48,1280,720,2.40,2026-03-29 19:09:34
you_20260329_190942_001,you,C:\Users\qqq02\Desktop\99_docs_analysis\datasets\recorded\webcam_30_words\you\you_20260329_190942_001.mp4,0,20.00,48,1280,720,2.40,2026-03-29 19:09:44
you_20260329_190949_002,you,C:\Users\qqq02\Desktop\99_docs_analysis\datasets\recorded\webcam_30_words\you\you_20260329_190949_002.mp4,0,20.00,48,1280,720,2.40,2026-03-29 19:09:51
you_20260329_190956_003,you,C:\Users\qqq02\Desktop\99_docs_analysis\datasets\recorded\webcam_30_words\you\you_20260329_190956_003.mp4,0,20.00,48,1280,720,2.40,2026-03-29 19:09:58
you_20260329_191001_004,you,C:\Users\qqq02\Desktop\99_docs_analysis\datasets\recorded\webcam_30_words\you\you_20260329_191001_004.mp4,0,20.00,48,1280,720,2.40,2026-03-29 19:10:03
you_20260329_191008_005,you,C:\Users\qqq02\Desktop\99_docs_analysis\datasets\recorded\webcam_30_words\you\you_20260329_191008_005.mp4,0,20.00,48,1280,720,2.40,2026-03-29 19:10:10
you_20260329_191015_006,you,C:\Users\qqq02\Desktop\99_docs_analysis\datasets\recorded\webcam_30_words\you\you_20260329_191015_006.mp4,0,20.00,48,1280,720,2.40,2026-03-29 19:10:16
you_20260329_191548_007,you,C:\Users\qqq02\Desktop\99_docs_analysis\datasets\recorded\webcam_30_words\you\you_20260329_191548_007.mp4,0,20.00,48,1280,720,2.40,2026-03-29 19:15:48
you_20260329_191550_008,you,C:\Users\qqq02\Desktop\99_docs_analysis\datasets\recorded\webcam_30_words\you\you_20260329_191550_008.mp4,0,20.00,48,1280,720,2.40,2026-03-29 19:15:50
you_20260329_191553_009,you,C:\Users\qqq02\Desktop\99_docs_analysis\datasets\recorded\webcam_30_words\you\you_20260329_191553_009.mp4,0,20.00,48,1280,720,2.40,2026-03-29 19:15:53
you_20260329_191555_010,you,C:\Users\qqq02\Desktop\99_docs_analysis\datasets\recorded\webcam_30_words\you\you_20260329_191555_010.mp4,0,20.00,48,1280,720,2.40,2026-03-29 19:15:55
you_20260329_191557_011,you,C:\Users\qqq02\Desktop\99_docs_analysis\datasets\recorded\webcam_30_words\you\you_20260329_191557_011.mp4,0,20.00,48,1280,720,2.40,2026-03-29 19:15:58
you_20260329_191600_012,you,C:\Users\qqq02\Desktop\99_docs_analysis\datasets\recorded\webcam_30_words\you\you_20260329_191600_012.mp4,0,20.00,48,1280,720,2.40,2026-03-29 19:16:00
you_20260329_191602_013,you,C:\Users\qqq02\Desktop\99_docs_analysis\datasets\recorded\webcam_30_words\you\you_20260329_191602_013.mp4,0,20.00,48,1280,720,2.40,2026-03-29 19:16:02
you_20260329_191604_014,you,C:\Users\qqq02\Desktop\99_docs_analysis\datasets\recorded\webcam_30_words\you\you_20260329_191604_014.mp4,0,20.00,48,1280,720,2.40,2026-03-29 19:16:05
you_20260329_191607_015,you,C:\Users\qqq02\Desktop\99_docs_analysis\datasets\recorded\webcam_30_words\you\you_20260329_191607_015.mp4,0,20.00,48,1280,720,2.40,2026-03-29 19:16:07
you_20260329_191609_016,you,C:\Users\qqq02\Desktop\99_docs_analysis\datasets\recorded\webcam_30_words\you\you_20260329_191609_016.mp4,0,20.00,48,1280,720,2.40,2026-03-29 19:16:09
you_20260329_191612_017,you,C:\Users\qqq02\Desktop\99_docs_analysis\datasets\recorded\webcam_30_words\you\you_20260329_191612_017.mp4,0,20.00,48,1280,720,2.40,2026-03-29 19:16:12
you_20260329_191614_018,you,C:\Users\qqq02\Desktop\99_docs_analysis\datasets\recorded\webcam_30_words\you\you_20260329_191614_018.mp4,0,20.00,48,1280,720,2.40,2026-03-29 19:16:14
you_20260329_191616_019,you,C:\Users\qqq02\Desktop\99_docs_analysis\datasets\recorded\webcam_30_words\you\you_20260329_191616_019.mp4,0,20.00,48,1280,720,2.40,2026-03-29 19:16:16
you_20260329_191619_020,you,C:\Users\qqq02\Desktop\99_docs_analysis\datasets\recorded\webcam_30_words\you\you_20260329_191619_020.mp4,0,20.00,48,1280,720,2.40,2026-03-29 19:16:19
you_20260329_191621_021,you,C:\Users\qqq02\Desktop\99_docs_analysis\datasets\recorded\webcam_30_words\you\you_20260329_191621_021.mp4,0,20.00,48,1280,720,2.40,2026-03-29 19:16:21
you_20260329_191623_022,you,C:\Users\qqq02\Desktop\99_docs_analysis\datasets\recorded\webcam_30_words\you\you_20260329_191623_022.mp4,0,20.00,48,1280,720,2.40,2026-03-29 19:16:24
you_20260329_191626_023,you,C:\Users\qqq02\Desktop\99_docs_analysis\datasets\recorded\webcam_30_words\you\you_20260329_191626_023.mp4,0,20.00,48,1280,720,2.40,2026-03-29 19:16:26
you_20260329_191628_024,you,C:\Users\qqq02\Desktop\99_docs_analysis\datasets\recorded\webcam_30_words\you\you_20260329_191628_024.mp4,0,20.00,48,1280,720,2.40,2026-03-29 19:16:28
you_20260329_191630_025,you,C:\Users\qqq02\Desktop\99_docs_analysis\datasets\recorded\webcam_30_words\you\you_20260329_191630_025.mp4,0,20.00,48,1280,720,2.40,2026-03-29 19:16:31
you_20260329_191633_026,you,C:\Users\qqq02\Desktop\99_docs_analysis\datasets\recorded\webcam_30_words\you\you_20260329_191633_026.mp4,0,20.00,48,1280,720,2.40,2026-03-29 19:16:33
you_20260329_191635_027,you,C:\Users\qqq02\Desktop\99_docs_analysis\datasets\recorded\webcam_30_words\you\you_20260329_191635_027.mp4,0,20.00,48,1280,720,2.40,2026-03-29 19:16:35
you_20260329_191638_028,you,C:\Users\qqq02\Desktop\99_docs_analysis\datasets\recorded\webcam_30_words\you\you_20260329_191638_028.mp4,0,20.00,48,1280,720,2.40,2026-03-29 19:16:38
you_20260329_191640_029,you,C:\Users\qqq02\Desktop\99_docs_analysis\datasets\recorded\webcam_30_words\you\you_20260329_191640_029.mp4,0,20.00,48,1280,720,2.40,2026-03-29 19:16:40
you_20260329_191642_030,you,C:\Users\qqq02\Desktop\99_docs_analysis\datasets\recorded\webcam_30_words\you\you_20260329_191642_030.mp4,0,20.00,48,1280,720,2.40,2026-03-29 19:16:42
mother_20260329_191713_001,mother,C:\Users\qqq02\Desktop\99_docs_analysis\datasets\recorded\webcam_30_words\mother\mother_20260329_191713_001.mp4,0,20.00,48,1280,720,2.40,2026-03-29 19:17:13
mother_20260329_191715_002,mother,C:\Users\qqq02\Desktop\99_docs_analysis\datasets\recorded\webcam_30_words\mother\mother_20260329_191715_002.mp4,0,20.00,48,1280,720,2.40,2026-03-29 19:17:15
mother_20260329_191717_003,mother,C:\Users\qqq02\Desktop\99_docs_analysis\datasets\recorded\webcam_30_words\mother\mother_20260329_191717_003.mp4,0,20.00,48,1280,720,2.40,2026-03-29 19:17:18
mother_20260329_191720_004,mother,C:\Users\qqq02\Desktop\99_docs_analysis\datasets\recorded\webcam_30_words\mother\mother_20260329_191720_004.mp4,0,20.00,48,1280,720,2.40,2026-03-29 19:17:20
mother_20260329_191722_005,mother,C:\Users\qqq02\Desktop\99_docs_analysis\datasets\recorded\webcam_30_words\mother\mother_20260329_191722_005.mp4,0,20.00,48,1280,720,2.40,2026-03-29 19:17:22
mother_20260329_191724_006,mother,C:\Users\qqq02\Desktop\99_docs_analysis\datasets\recorded\webcam_30_words\mother\mother_20260329_191724_006.mp4,0,20.00,48,1280,720,2.40,2026-03-29 19:17:25
mother_20260329_191727_007,mother,C:\Users\qqq02\Desktop\99_docs_analysis\datasets\recorded\webcam_30_words\mother\mother_20260329_191727_007.mp4,0,20.00,48,1280,720,2.40,2026-03-29 19:17:27
mother_20260329_191729_008,mother,C:\Users\qqq02\Desktop\99_docs_analysis\datasets\recorded\webcam_30_words\mother\mother_20260329_191729_008.mp4,0,20.00,48,1280,720,2.40,2026-03-29 19:17:29
mother_20260329_191732_009,mother,C:\Users\qqq02\Desktop\99_docs_analysis\datasets\recorded\webcam_30_words\mother\mother_20260329_191732_009.mp4,0,20.00,48,1280,720,2.40,2026-03-29 19:17:32
mother_20260329_191734_010,mother,C:\Users\qqq02\Desktop\99_docs_analysis\datasets\recorded\webcam_30_words\mother\mother_20260329_191734_010.mp4,0,20.00,48,1280,720,2.40,2026-03-29 19:17:34
mother_20260329_191736_011,mother,C:\Users\qqq02\Desktop\99_docs_analysis\datasets\recorded\webcam_30_words\mother\mother_20260329_191736_011.mp4,0,20.00,48,1280,720,2.40,2026-03-29 19:17:36
mother_20260329_191739_012,mother,C:\Users\qqq02\Desktop\99_docs_analysis\datasets\recorded\webcam_30_words\mother\mother_20260329_191739_012.mp4,0,20.00,48,1280,720,2.40,2026-03-29 19:17:39
mother_20260329_191741_013,mother,C:\Users\qqq02\Desktop\99_docs_analysis\datasets\recorded\webcam_30_words\mother\mother_20260329_191741_013.mp4,0,20.00,48,1280,720,2.40,2026-03-29 19:17:41
mother_20260329_191743_014,mother,C:\Users\qqq02\Desktop\99_docs_analysis\datasets\recorded\webcam_30_words\mother\mother_20260329_191743_014.mp4,0,20.00,48,1280,720,2.40,2026-03-29 19:17:44
mother_20260329_191746_015,mother,C:\Users\qqq02\Desktop\99_docs_analysis\datasets\recorded\webcam_30_words\mother\mother_20260329_191746_015.mp4,0,20.00,48,1280,720,2.40,2026-03-29 19:17:46
mother_20260329_191748_016,mother,C:\Users\qqq02\Desktop\99_docs_analysis\datasets\recorded\webcam_30_words\mother\mother_20260329_191748_016.mp4,0,20.00,48,1280,720,2.40,2026-03-29 19:17:48
mother_20260329_191751_017,mother,C:\Users\qqq02\Desktop\99_docs_analysis\datasets\recorded\webcam_30_words\mother\mother_20260329_191751_017.mp4,0,20.00,48,1280,720,2.40,2026-03-29 19:17:51
mother_20260329_191753_018,mother,C:\Users\qqq02\Desktop\99_docs_analysis\datasets\recorded\webcam_30_words\mother\mother_20260329_191753_018.mp4,0,20.00,48,1280,720,2.40,2026-03-29 19:17:53
mother_20260329_191755_019,mother,C:\Users\qqq02\Desktop\99_docs_analysis\datasets\recorded\webcam_30_words\mother\mother_20260329_191755_019.mp4,0,20.00,48,1280,720,2.40,2026-03-29 19:17:55
mother_20260329_191758_020,mother,C:\Users\qqq02\Desktop\99_docs_analysis\datasets\recorded\webcam_30_words\mother\mother_20260329_191758_020.mp4,0,20.00,48,1280,720,2.40,2026-03-29 19:17:58
mother_20260329_191800_021,mother,C:\Users\qqq02\Desktop\99_docs_analysis\datasets\recorded\webcam_30_words\mother\mother_20260329_191800_021.mp4,0,20.00,48,1280,720,2.40,2026-03-29 19:18:00
mother_20260329_191802_022,mother,C:\Users\qqq02\Desktop\99_docs_analysis\datasets\recorded\webcam_30_words\mother\mother_20260329_191802_022.mp4,0,20.00,48,1280,720,2.40,2026-03-29 19:18:03
mother_20260329_191805_023,mother,C:\Users\qqq02\Desktop\99_docs_analysis\datasets\recorded\webcam_30_words\mother\mother_20260329_191805_023.mp4,0,20.00,48,1280,720,2.40,2026-03-29 19:18:05
mother_20260329_191807_024,mother,C:\Users\qqq02\Desktop\99_docs_analysis\datasets\recorded\webcam_30_words\mother\mother_20260329_191807_024.mp4,0,20.00,48,1280,720,2.40,2026-03-29 19:18:07
mother_20260329_191809_025,mother,C:\Users\qqq02\Desktop\99_docs_analysis\datasets\recorded\webcam_30_words\mother\mother_20260329_191809_025.mp4,0,20.00,48,1280,720,2.40,2026-03-29 19:18:10
mother_20260329_191812_026,mother,C:\Users\qqq02\Desktop\99_docs_analysis\datasets\recorded\webcam_30_words\mother\mother_20260329_191812_026.mp4,0,20.00,48,1280,720,2.40,2026-03-29 19:18:12
mother_20260329_191814_027,mother,C:\Users\qqq02\Desktop\99_docs_analysis\datasets\recorded\webcam_30_words\mother\mother_20260329_191814_027.mp4,0,20.00,48,1280,720,2.40,2026-03-29 19:18:14
mother_20260329_191817_028,mother,C:\Users\qqq02\Desktop\99_docs_analysis\datasets\recorded\webcam_30_words\mother\mother_20260329_191817_028.mp4,0,20.00,48,1280,720,2.40,2026-03-29 19:18:17
mother_20260329_191819_029,mother,C:\Users\qqq02\Desktop\99_docs_analysis\datasets\recorded\webcam_30_words\mother\mother_20260329_191819_029.mp4,0,20.00,48,1280,720,2.40,2026-03-29 19:18:19
mother_20260329_191821_030,mother,C:\Users\qqq02\Desktop\99_docs_analysis\datasets\recorded\webcam_30_words\mother\mother_20260329_191821_030.mp4,0,20.00,48,1280,720,2.40,2026-03-29 19:18:21
father_20260329_191840_001,father,C:\Users\qqq02\Desktop\99_docs_analysis\datasets\recorded\webcam_30_words\father\father_20260329_191840_001.mp4,0,20.00,48,1280,720,2.40,2026-03-29 19:18:40
father_20260329_191842_002,father,C:\Users\qqq02\Desktop\99_docs_analysis\datasets\recorded\webcam_30_words\father\father_20260329_191842_002.mp4,0,20.00,48,1280,720,2.40,2026-03-29 19:18:42
father_20260329_191844_003,father,C:\Users\qqq02\Desktop\99_docs_analysis\datasets\recorded\webcam_30_words\father\father_20260329_191844_003.mp4,0,20.00,48,1280,720,2.40,2026-03-29 19:18:45
father_20260329_191847_004,father,C:\Users\qqq02\Desktop\99_docs_analysis\datasets\recorded\webcam_30_words\father\father_20260329_191847_004.mp4,0,20.00,48,1280,720,2.40,2026-03-29 19:18:47
father_20260329_191849_005,father,C:\Users\qqq02\Desktop\99_docs_analysis\datasets\recorded\webcam_30_words\father\father_20260329_191849_005.mp4,0,20.00,48,1280,720,2.40,2026-03-29 19:18:49
father_20260329_191852_006,father,C:\Users\qqq02\Desktop\99_docs_analysis\datasets\recorded\webcam_30_words\father\father_20260329_191852_006.mp4,0,20.00,48,1280,720,2.40,2026-03-29 19:18:52
father_20260329_191854_007,father,C:\Users\qqq02\Desktop\99_docs_analysis\datasets\recorded\webcam_30_words\father\father_20260329_191854_007.mp4,0,20.00,48,1280,720,2.40,2026-03-29 19:18:54
father_20260329_191856_008,father,C:\Users\qqq02\Desktop\99_docs_analysis\datasets\recorded\webcam_30_words\father\father_20260329_191856_008.mp4,0,20.00,48,1280,720,2.40,2026-03-29 19:18:56
father_20260329_191859_009,father,C:\Users\qqq02\Desktop\99_docs_analysis\datasets\recorded\webcam_30_words\father\father_20260329_191859_009.mp4,0,20.00,48,1280,720,2.40,2026-03-29 19:18:59
father_20260329_191901_010,father,C:\Users\qqq02\Desktop\99_docs_analysis\datasets\recorded\webcam_30_words\father\father_20260329_191901_010.mp4,0,20.00,48,1280,720,2.40,2026-03-29 19:19:01
father_20260329_191903_011,father,C:\Users\qqq02\Desktop\99_docs_analysis\datasets\recorded\webcam_30_words\father\father_20260329_191903_011.mp4,0,20.00,48,1280,720,2.40,2026-03-29 19:19:03
father_20260329_191906_012,father,C:\Users\qqq02\Desktop\99_docs_analysis\datasets\recorded\webcam_30_words\father\father_20260329_191906_012.mp4,0,20.00,48,1280,720,2.40,2026-03-29 19:19:06
father_20260329_191908_013,father,C:\Users\qqq02\Desktop\99_docs_analysis\datasets\recorded\webcam_30_words\father\father_20260329_191908_013.mp4,0,20.00,48,1280,720,2.40,2026-03-29 19:19:08
father_20260329_191910_014,father,C:\Users\qqq02\Desktop\99_docs_analysis\datasets\recorded\webcam_30_words\father\father_20260329_191910_014.mp4,0,20.00,48,1280,720,2.40,2026-03-29 19:19:11
father_20260329_191913_015,father,C:\Users\qqq02\Desktop\99_docs_analysis\datasets\recorded\webcam_30_words\father\father_20260329_191913_015.mp4,0,20.00,48,1280,720,2.40,2026-03-29 19:19:13
father_20260329_191915_016,father,C:\Users\qqq02\Desktop\99_docs_analysis\datasets\recorded\webcam_30_words\father\father_20260329_191915_016.mp4,0,20.00,48,1280,720,2.40,2026-03-29 19:19:15
father_20260329_191918_017,father,C:\Users\qqq02\Desktop\99_docs_analysis\datasets\recorded\webcam_30_words\father\father_20260329_191918_017.mp4,0,20.00,48,1280,720,2.40,2026-03-29 19:19:18
father_20260329_191920_018,father,C:\Users\qqq02\Desktop\99_docs_analysis\datasets\recorded\webcam_30_words\father\father_20260329_191920_018.mp4,0,20.00,48,1280,720,2.40,2026-03-29 19:19:20
father_20260329_191922_019,father,C:\Users\qqq02\Desktop\99_docs_analysis\datasets\recorded\webcam_30_words\father\father_20260329_191922_019.mp4,0,20.00,48,1280,720,2.40,2026-03-29 19:19:22
father_20260329_191925_020,father,C:\Users\qqq02\Desktop\99_docs_analysis\datasets\recorded\webcam_30_words\father\father_20260329_191925_020.mp4,0,20.00,48,1280,720,2.40,2026-03-29 19:19:25
father_20260329_191927_021,father,C:\Users\qqq02\Desktop\99_docs_analysis\datasets\recorded\webcam_30_words\father\father_20260329_191927_021.mp4,0,20.00,48,1280,720,2.40,2026-03-29 19:19:27
father_20260329_191929_022,father,C:\Users\qqq02\Desktop\99_docs_analysis\datasets\recorded\webcam_30_words\father\father_20260329_191929_022.mp4,0,20.00,48,1280,720,2.40,2026-03-29 19:19:29
father_20260329_191932_023,father,C:\Users\qqq02\Desktop\99_docs_analysis\datasets\recorded\webcam_30_words\father\father_20260329_191932_023.mp4,0,20.00,48,1280,720,2.40,2026-03-29 19:19:32
father_20260329_191934_024,father,C:\Users\qqq02\Desktop\99_docs_analysis\datasets\recorded\webcam_30_words\father\father_20260329_191934_024.mp4,0,20.00,48,1280,720,2.40,2026-03-29 19:19:34
father_20260329_191936_025,father,C:\Users\qqq02\Desktop\99_docs_analysis\datasets\recorded\webcam_30_words\father\father_20260329_191936_025.mp4,0,20.00,48,1280,720,2.40,2026-03-29 19:19:37
father_20260329_191939_026,father,C:\Users\qqq02\Desktop\99_docs_analysis\datasets\recorded\webcam_30_words\father\father_20260329_191939_026.mp4,0,20.00,48,1280,720,2.40,2026-03-29 19:19:39
father_20260329_191941_027,father,C:\Users\qqq02\Desktop\99_docs_analysis\datasets\recorded\webcam_30_words\father\father_20260329_191941_027.mp4,0,20.00,48,1280,720,2.40,2026-03-29 19:19:41
father_20260329_191944_028,father,C:\Users\qqq02\Desktop\99_docs_analysis\datasets\recorded\webcam_30_words\father\father_20260329_191944_028.mp4,0,20.00,48,1280,720,2.40,2026-03-29 19:19:44
father_20260329_191946_029,father,C:\Users\qqq02\Desktop\99_docs_analysis\datasets\recorded\webcam_30_words\father\father_20260329_191946_029.mp4,0,20.00,48,1280,720,2.40,2026-03-29 19:19:46
father_20260329_191948_030,father,C:\Users\qqq02\Desktop\99_docs_analysis\datasets\recorded\webcam_30_words\father\father_20260329_191948_030.mp4,0,20.00,48,1280,720,2.40,2026-03-29 19:19:48
father_20260329_191949_031,father,C:\Users\qqq02\Desktop\99_docs_analysis\datasets\recorded\webcam_30_words\father\father_20260329_191949_031.mp4,0,20.00,5,1280,720,0.25,2026-03-29 19:19:49
teacher_20260329_192021_001,teacher,C:\Users\qqq02\Desktop\99_docs_analysis\datasets\recorded\webcam_30_words\teacher\teacher_20260329_192021_001.mp4,0,20.00,48,1280,720,2.40,2026-03-29 19:20:21
teacher_20260329_192034_002,teacher,C:\Users\qqq02\Desktop\99_docs_analysis\datasets\recorded\webcam_30_words\teacher\teacher_20260329_192034_002.mp4,0,20.00,48,1280,720,2.40,2026-03-29 19:20:34
teacher_20260329_192036_003,teacher,C:\Users\qqq02\Desktop\99_docs_analysis\datasets\recorded\webcam_30_words\teacher\teacher_20260329_192036_003.mp4,0,20.00,48,1280,720,2.40,2026-03-29 19:20:36
teacher_20260329_192039_004,teacher,C:\Users\qqq02\Desktop\99_docs_analysis\datasets\recorded\webcam_30_words\teacher\teacher_20260329_192039_004.mp4,0,20.00,48,1280,720,2.40,2026-03-29 19:20:39
teacher_20260329_192041_005,teacher,C:\Users\qqq02\Desktop\99_docs_analysis\datasets\recorded\webcam_30_words\teacher\teacher_20260329_192041_005.mp4,0,20.00,48,1280,720,2.40,2026-03-29 19:20:41
teacher_20260329_192043_006,teacher,C:\Users\qqq02\Desktop\99_docs_analysis\datasets\recorded\webcam_30_words\teacher\teacher_20260329_192043_006.mp4,0,20.00,48,1280,720,2.40,2026-03-29 19:20:44
teacher_20260329_192046_007,teacher,C:\Users\qqq02\Desktop\99_docs_analysis\datasets\recorded\webcam_30_words\teacher\teacher_20260329_192046_007.mp4,0,20.00,48,1280,720,2.40,2026-03-29 19:20:46
teacher_20260329_192048_008,teacher,C:\Users\qqq02\Desktop\99_docs_analysis\datasets\recorded\webcam_30_words\teacher\teacher_20260329_192048_008.mp4,0,20.00,48,1280,720,2.40,2026-03-29 19:20:48
teacher_20260329_192051_009,teacher,C:\Users\qqq02\Desktop\99_docs_analysis\datasets\recorded\webcam_30_words\teacher\teacher_20260329_192051_009.mp4,0,20.00,48,1280,720,2.40,2026-03-29 19:20:51
teacher_20260329_192053_010,teacher,C:\Users\qqq02\Desktop\99_docs_analysis\datasets\recorded\webcam_30_words\teacher\teacher_20260329_192053_010.mp4,0,20.00,48,1280,720,2.40,2026-03-29 19:20:53
teacher_20260329_192055_011,teacher,C:\Users\qqq02\Desktop\99_docs_analysis\datasets\recorded\webcam_30_words\teacher\teacher_20260329_192055_011.mp4,0,20.00,48,1280,720,2.40,2026-03-29 19:20:55
teacher_20260329_192058_012,teacher,C:\Users\qqq02\Desktop\99_docs_analysis\datasets\recorded\webcam_30_words\teacher\teacher_20260329_192058_012.mp4,0,20.00,48,1280,720,2.40,2026-03-29 19:20:58
teacher_20260329_192100_013,teacher,C:\Users\qqq02\Desktop\99_docs_analysis\datasets\recorded\webcam_30_words\teacher\teacher_20260329_192100_013.mp4,0,20.00,48,1280,720,2.40,2026-03-29 19:21:00
teacher_20260329_192102_014,teacher,C:\Users\qqq02\Desktop\99_docs_analysis\datasets\recorded\webcam_30_words\teacher\teacher_20260329_192102_014.mp4,0,20.00,48,1280,720,2.40,2026-03-29 19:21:02
teacher_20260329_192105_015,teacher,C:\Users\qqq02\Desktop\99_docs_analysis\datasets\recorded\webcam_30_words\teacher\teacher_20260329_192105_015.mp4,0,20.00,48,1280,720,2.40,2026-03-29 19:21:05
teacher_20260329_192107_016,teacher,C:\Users\qqq02\Desktop\99_docs_analysis\datasets\recorded\webcam_30_words\teacher\teacher_20260329_192107_016.mp4,0,20.00,48,1280,720,2.40,2026-03-29 19:21:07
teacher_20260329_192109_017,teacher,C:\Users\qqq02\Desktop\99_docs_analysis\datasets\recorded\webcam_30_words\teacher\teacher_20260329_192109_017.mp4,0,20.00,48,1280,720,2.40,2026-03-29 19:21:10
teacher_20260329_192112_018,teacher,C:\Users\qqq02\Desktop\99_docs_analysis\datasets\recorded\webcam_30_words\teacher\teacher_20260329_192112_018.mp4,0,20.00,48,1280,720,2.40,2026-03-29 19:21:12
teacher_20260329_192114_019,teacher,C:\Users\qqq02\Desktop\99_docs_analysis\datasets\recorded\webcam_30_words\teacher\teacher_20260329_192114_019.mp4,0,20.00,48,1280,720,2.40,2026-03-29 19:21:14
teacher_20260329_192117_020,teacher,C:\Users\qqq02\Desktop\99_docs_analysis\datasets\recorded\webcam_30_words\teacher\teacher_20260329_192117_020.mp4,0,20.00,48,1280,720,2.40,2026-03-29 19:21:17
teacher_20260329_192119_021,teacher,C:\Users\qqq02\Desktop\99_docs_analysis\datasets\recorded\webcam_30_words\teacher\teacher_20260329_192119_021.mp4,0,20.00,48,1280,720,2.40,2026-03-29 19:21:19
teacher_20260329_192121_022,teacher,C:\Users\qqq02\Desktop\99_docs_analysis\datasets\recorded\webcam_30_words\teacher\teacher_20260329_192121_022.mp4,0,20.00,48,1280,720,2.40,2026-03-29 19:21:21
teacher_20260329_192124_023,teacher,C:\Users\qqq02\Desktop\99_docs_analysis\datasets\recorded\webcam_30_words\teacher\teacher_20260329_192124_023.mp4,0,20.00,48,1280,720,2.40,2026-03-29 19:21:24
teacher_20260329_192126_024,teacher,C:\Users\qqq02\Desktop\99_docs_analysis\datasets\recorded\webcam_30_words\teacher\teacher_20260329_192126_024.mp4,0,20.00,48,1280,720,2.40,2026-03-29 19:21:26
teacher_20260329_192128_025,teacher,C:\Users\qqq02\Desktop\99_docs_analysis\datasets\recorded\webcam_30_words\teacher\teacher_20260329_192128_025.mp4,0,20.00,48,1280,720,2.40,2026-03-29 19:21:29
teacher_20260329_192131_026,teacher,C:\Users\qqq02\Desktop\99_docs_analysis\datasets\recorded\webcam_30_words\teacher\teacher_20260329_192131_026.mp4,0,20.00,48,1280,720,2.40,2026-03-29 19:21:31
teacher_20260329_192133_027,teacher,C:\Users\qqq02\Desktop\99_docs_analysis\datasets\recorded\webcam_30_words\teacher\teacher_20260329_192133_027.mp4,0,20.00,48,1280,720,2.40,2026-03-29 19:21:33
teacher_20260329_192136_028,teacher,C:\Users\qqq02\Desktop\99_docs_analysis\datasets\recorded\webcam_30_words\teacher\teacher_20260329_192136_028.mp4,0,20.00,48,1280,720,2.40,2026-03-29 19:21:36
teacher_20260329_192138_029,teacher,C:\Users\qqq02\Desktop\99_docs_analysis\datasets\recorded\webcam_30_words\teacher\teacher_20260329_192138_029.mp4,0,20.00,48,1280,720,2.40,2026-03-29 19:21:38
teacher_20260329_192140_030,teacher,C:\Users\qqq02\Desktop\99_docs_analysis\datasets\recorded\webcam_30_words\teacher\teacher_20260329_192140_030.mp4,0,20.00,48,1280,720,2.40,2026-03-29 19:21:40
teacher_20260329_192143_031,teacher,C:\Users\qqq02\Desktop\99_docs_analysis\datasets\recorded\webcam_30_words\teacher\teacher_20260329_192143_031.mp4,0,20.00,48,1280,720,2.40,2026-03-29 19:21:43
teacher_20260329_192145_032,teacher,C:\Users\qqq02\Desktop\99_docs_analysis\datasets\recorded\webcam_30_words\teacher\teacher_20260329_192145_032.mp4,0,20.00,48,1280,720,2.40,2026-03-29 19:21:45
student_20260329_192214_001,student,C:\Users\qqq02\Desktop\99_docs_analysis\datasets\recorded\webcam_30_words\student\student_20260329_192214_001.mp4,0,20.00,48,1280,720,2.40,2026-03-29 19:22:14
student_20260329_192216_002,student,C:\Users\qqq02\Desktop\99_docs_analysis\datasets\recorded\webcam_30_words\student\student_20260329_192216_002.mp4,0,20.00,48,1280,720,2.40,2026-03-29 19:22:17
student_20260329_192219_003,student,C:\Users\qqq02\Desktop\99_docs_analysis\datasets\recorded\webcam_30_words\student\student_20260329_192219_003.mp4,0,20.00,48,1280,720,2.40,2026-03-29 19:22:19
student_20260329_192221_004,student,C:\Users\qqq02\Desktop\99_docs_analysis\datasets\recorded\webcam_30_words\student\student_20260329_192221_004.mp4,0,20.00,48,1280,720,2.40,2026-03-29 19:22:21
student_20260329_192224_005,student,C:\Users\qqq02\Desktop\99_docs_analysis\datasets\recorded\webcam_30_words\student\student_20260329_192224_005.mp4,0,20.00,48,1280,720,2.40,2026-03-29 19:22:24
student_20260329_192226_006,student,C:\Users\qqq02\Desktop\99_docs_analysis\datasets\recorded\webcam_30_words\student\student_20260329_192226_006.mp4,0,20.00,48,1280,720,2.40,2026-03-29 19:22:26
student_20260329_192228_007,student,C:\Users\qqq02\Desktop\99_docs_analysis\datasets\recorded\webcam_30_words\student\student_20260329_192228_007.mp4,0,20.00,48,1280,720,2.40,2026-03-29 19:22:28
student_20260329_192231_008,student,C:\Users\qqq02\Desktop\99_docs_analysis\datasets\recorded\webcam_30_words\student\student_20260329_192231_008.mp4,0,20.00,48,1280,720,2.40,2026-03-29 19:22:31
student_20260329_192233_009,student,C:\Users\qqq02\Desktop\99_docs_analysis\datasets\recorded\webcam_30_words\student\student_20260329_192233_009.mp4,0,20.00,48,1280,720,2.40,2026-03-29 19:22:33
student_20260329_192235_010,student,C:\Users\qqq02\Desktop\99_docs_analysis\datasets\recorded\webcam_30_words\student\student_20260329_192235_010.mp4,0,20.00,48,1280,720,2.40,2026-03-29 19:22:35
student_20260329_192238_011,student,C:\Users\qqq02\Desktop\99_docs_analysis\datasets\recorded\webcam_30_words\student\student_20260329_192238_011.mp4,0,20.00,48,1280,720,2.40,2026-03-29 19:22:38
student_20260329_192240_012,student,C:\Users\qqq02\Desktop\99_docs_analysis\datasets\recorded\webcam_30_words\student\student_20260329_192240_012.mp4,0,20.00,48,1280,720,2.40,2026-03-29 19:22:40
student_20260329_192242_013,student,C:\Users\qqq02\Desktop\99_docs_analysis\datasets\recorded\webcam_30_words\student\student_20260329_192242_013.mp4,0,20.00,48,1280,720,2.40,2026-03-29 19:22:43
student_20260329_192245_014,student,C:\Users\qqq02\Desktop\99_docs_analysis\datasets\recorded\webcam_30_words\student\student_20260329_192245_014.mp4,0,20.00,48,1280,720,2.40,2026-03-29 19:22:45
student_20260329_192247_015,student,C:\Users\qqq02\Desktop\99_docs_analysis\datasets\recorded\webcam_30_words\student\student_20260329_192247_015.mp4,0,20.00,48,1280,720,2.40,2026-03-29 19:22:47
student_20260329_192250_016,student,C:\Users\qqq02\Desktop\99_docs_analysis\datasets\recorded\webcam_30_words\student\student_20260329_192250_016.mp4,0,20.00,48,1280,720,2.40,2026-03-29 19:22:50
student_20260329_192252_017,student,C:\Users\qqq02\Desktop\99_docs_analysis\datasets\recorded\webcam_30_words\student\student_20260329_192252_017.mp4,0,20.00,48,1280,720,2.40,2026-03-29 19:22:52
student_20260329_192254_018,student,C:\Users\qqq02\Desktop\99_docs_analysis\datasets\recorded\webcam_30_words\student\student_20260329_192254_018.mp4,0,20.00,48,1280,720,2.40,2026-03-29 19:22:54
student_20260329_192257_019,student,C:\Users\qqq02\Desktop\99_docs_analysis\datasets\recorded\webcam_30_words\student\student_20260329_192257_019.mp4,0,20.00,48,1280,720,2.40,2026-03-29 19:22:57
student_20260329_192259_020,student,C:\Users\qqq02\Desktop\99_docs_analysis\datasets\recorded\webcam_30_words\student\student_20260329_192259_020.mp4,0,20.00,48,1280,720,2.40,2026-03-29 19:22:59
student_20260329_192301_021,student,C:\Users\qqq02\Desktop\99_docs_analysis\datasets\recorded\webcam_30_words\student\student_20260329_192301_021.mp4,0,20.00,48,1280,720,2.40,2026-03-29 19:23:01
student_20260329_192304_022,student,C:\Users\qqq02\Desktop\99_docs_analysis\datasets\recorded\webcam_30_words\student\student_20260329_192304_022.mp4,0,20.00,48,1280,720,2.40,2026-03-29 19:23:04
student_20260329_192306_023,student,C:\Users\qqq02\Desktop\99_docs_analysis\datasets\recorded\webcam_30_words\student\student_20260329_192306_023.mp4,0,20.00,48,1280,720,2.40,2026-03-29 19:23:06
student_20260329_192308_024,student,C:\Users\qqq02\Desktop\99_docs_analysis\datasets\recorded\webcam_30_words\student\student_20260329_192308_024.mp4,0,20.00,48,1280,720,2.40,2026-03-29 19:23:09
student_20260329_192311_025,student,C:\Users\qqq02\Desktop\99_docs_analysis\datasets\recorded\webcam_30_words\student\student_20260329_192311_025.mp4,0,20.00,48,1280,720,2.40,2026-03-29 19:23:11
student_20260329_192313_026,student,C:\Users\qqq02\Desktop\99_docs_analysis\datasets\recorded\webcam_30_words\student\student_20260329_192313_026.mp4,0,20.00,48,1280,720,2.40,2026-03-29 19:23:13
student_20260329_192316_027,student,C:\Users\qqq02\Desktop\99_docs_analysis\datasets\recorded\webcam_30_words\student\student_20260329_192316_027.mp4,0,20.00,48,1280,720,2.40,2026-03-29 19:23:16
student_20260329_192318_028,student,C:\Users\qqq02\Desktop\99_docs_analysis\datasets\recorded\webcam_30_words\student\student_20260329_192318_028.mp4,0,20.00,48,1280,720,2.40,2026-03-29 19:23:18
student_20260329_192320_029,student,C:\Users\qqq02\Desktop\99_docs_analysis\datasets\recorded\webcam_30_words\student\student_20260329_192320_029.mp4,0,20.00,48,1280,720,2.40,2026-03-29 19:23:20
student_20260329_192323_030,student,C:\Users\qqq02\Desktop\99_docs_analysis\datasets\recorded\webcam_30_words\student\student_20260329_192323_030.mp4,0,20.00,48,1280,720,2.40,2026-03-29 19:23:23
want_20260329_192355_001,want,C:\Users\qqq02\Desktop\99_docs_analysis\datasets\recorded\webcam_30_words\want\want_20260329_192355_001.mp4,0,20.00,48,1280,720,2.40,2026-03-29 19:23:55
want_20260329_192357_002,want,C:\Users\qqq02\Desktop\99_docs_analysis\datasets\recorded\webcam_30_words\want\want_20260329_192357_002.mp4,0,20.00,48,1280,720,2.40,2026-03-29 19:23:57
want_20260329_192359_003,want,C:\Users\qqq02\Desktop\99_docs_analysis\datasets\recorded\webcam_30_words\want\want_20260329_192359_003.mp4,0,20.00,48,1280,720,2.40,2026-03-29 19:24:00
want_20260329_192402_004,want,C:\Users\qqq02\Desktop\99_docs_analysis\datasets\recorded\webcam_30_words\want\want_20260329_192402_004.mp4,0,20.00,48,1280,720,2.40,2026-03-29 19:24:02
want_20260329_192404_005,want,C:\Users\qqq02\Desktop\99_docs_analysis\datasets\recorded\webcam_30_words\want\want_20260329_192404_005.mp4,0,20.00,48,1280,720,2.40,2026-03-29 19:24:04
want_20260329_192407_006,want,C:\Users\qqq02\Desktop\99_docs_analysis\datasets\recorded\webcam_30_words\want\want_20260329_192407_006.mp4,0,20.00,48,1280,720,2.40,2026-03-29 19:24:07
want_20260329_192409_007,want,C:\Users\qqq02\Desktop\99_docs_analysis\datasets\recorded\webcam_30_words\want\want_20260329_192409_007.mp4,0,20.00,48,1280,720,2.40,2026-03-29 19:24:09
want_20260329_192411_008,want,C:\Users\qqq02\Desktop\99_docs_analysis\datasets\recorded\webcam_30_words\want\want_20260329_192411_008.mp4,0,20.00,48,1280,720,2.40,2026-03-29 19:24:11
want_20260329_192414_009,want,C:\Users\qqq02\Desktop\99_docs_analysis\datasets\recorded\webcam_30_words\want\want_20260329_192414_009.mp4,0,20.00,48,1280,720,2.40,2026-03-29 19:24:14
want_20260329_192416_010,want,C:\Users\qqq02\Desktop\99_docs_analysis\datasets\recorded\webcam_30_words\want\want_20260329_192416_010.mp4,0,20.00,48,1280,720,2.40,2026-03-29 19:24:16
want_20260329_192418_011,want,C:\Users\qqq02\Desktop\99_docs_analysis\datasets\recorded\webcam_30_words\want\want_20260329_192418_011.mp4,0,20.00,48,1280,720,2.40,2026-03-29 19:24:19
want_20260329_192421_012,want,C:\Users\qqq02\Desktop\99_docs_analysis\datasets\recorded\webcam_30_words\want\want_20260329_192421_012.mp4,0,20.00,48,1280,720,2.40,2026-03-29 19:24:21
want_20260329_192423_013,want,C:\Users\qqq02\Desktop\99_docs_analysis\datasets\recorded\webcam_30_words\want\want_20260329_192423_013.mp4,0,20.00,48,1280,720,2.40,2026-03-29 19:24:23
want_20260329_192426_014,want,C:\Users\qqq02\Desktop\99_docs_analysis\datasets\recorded\webcam_30_words\want\want_20260329_192426_014.mp4,0,20.00,48,1280,720,2.40,2026-03-29 19:24:26
want_20260329_192428_015,want,C:\Users\qqq02\Desktop\99_docs_analysis\datasets\recorded\webcam_30_words\want\want_20260329_192428_015.mp4,0,20.00,48,1280,720,2.40,2026-03-29 19:24:28
want_20260329_192430_016,want,C:\Users\qqq02\Desktop\99_docs_analysis\datasets\recorded\webcam_30_words\want\want_20260329_192430_016.mp4,0,20.00,48,1280,720,2.40,2026-03-29 19:24:30
want_20260329_192433_017,want,C:\Users\qqq02\Desktop\99_docs_analysis\datasets\recorded\webcam_30_words\want\want_20260329_192433_017.mp4,0,20.00,48,1280,720,2.40,2026-03-29 19:24:33
want_20260329_192435_018,want,C:\Users\qqq02\Desktop\99_docs_analysis\datasets\recorded\webcam_30_words\want\want_20260329_192435_018.mp4,0,20.00,48,1280,720,2.40,2026-03-29 19:24:35
want_20260329_192437_019,want,C:\Users\qqq02\Desktop\99_docs_analysis\datasets\recorded\webcam_30_words\want\want_20260329_192437_019.mp4,0,20.00,48,1280,720,2.40,2026-03-29 19:24:37
want_20260329_192440_020,want,C:\Users\qqq02\Desktop\99_docs_analysis\datasets\recorded\webcam_30_words\want\want_20260329_192440_020.mp4,0,20.00,48,1280,720,2.40,2026-03-29 19:24:40
want_20260329_192442_021,want,C:\Users\qqq02\Desktop\99_docs_analysis\datasets\recorded\webcam_30_words\want\want_20260329_192442_021.mp4,0,20.00,48,1280,720,2.40,2026-03-29 19:24:42
want_20260329_192444_022,want,C:\Users\qqq02\Desktop\99_docs_analysis\datasets\recorded\webcam_30_words\want\want_20260329_192444_022.mp4,0,20.00,48,1280,720,2.40,2026-03-29 19:24:45
want_20260329_192447_023,want,C:\Users\qqq02\Desktop\99_docs_analysis\datasets\recorded\webcam_30_words\want\want_20260329_192447_023.mp4,0,20.00,48,1280,720,2.40,2026-03-29 19:24:47
want_20260329_192449_024,want,C:\Users\qqq02\Desktop\99_docs_analysis\datasets\recorded\webcam_30_words\want\want_20260329_192449_024.mp4,0,20.00,48,1280,720,2.40,2026-03-29 19:24:49
want_20260329_192452_025,want,C:\Users\qqq02\Desktop\99_docs_analysis\datasets\recorded\webcam_30_words\want\want_20260329_192452_025.mp4,0,20.00,48,1280,720,2.40,2026-03-29 19:24:52
want_20260329_192454_026,want,C:\Users\qqq02\Desktop\99_docs_analysis\datasets\recorded\webcam_30_words\want\want_20260329_192454_026.mp4,0,20.00,48,1280,720,2.40,2026-03-29 19:24:54
want_20260329_192456_027,want,C:\Users\qqq02\Desktop\99_docs_analysis\datasets\recorded\webcam_30_words\want\want_20260329_192456_027.mp4,0,20.00,48,1280,720,2.40,2026-03-29 19:24:56
want_20260329_192459_028,want,C:\Users\qqq02\Desktop\99_docs_analysis\datasets\recorded\webcam_30_words\want\want_20260329_192459_028.mp4,0,20.00,48,1280,720,2.40,2026-03-29 19:24:59
want_20260329_192501_029,want,C:\Users\qqq02\Desktop\99_docs_analysis\datasets\recorded\webcam_30_words\want\want_20260329_192501_029.mp4,0,20.00,48,1280,720,2.40,2026-03-29 19:25:01
want_20260329_192503_030,want,C:\Users\qqq02\Desktop\99_docs_analysis\datasets\recorded\webcam_30_words\want\want_20260329_192503_030.mp4,0,20.00,48,1280,720,2.40,2026-03-29 19:25:04
want_20260329_192504_031,want,C:\Users\qqq02\Desktop\99_docs_analysis\datasets\recorded\webcam_30_words\want\want_20260329_192504_031.mp4,0,20.00,5,1280,720,0.25,2026-03-29 19:25:04
like_20260329_192547_001,like,C:\Users\qqq02\Desktop\99_docs_analysis\datasets\recorded\webcam_30_words\like\like_20260329_192547_001.mp4,0,20.00,48,1280,720,2.40,2026-03-29 19:25:47
like_20260329_192549_002,like,C:\Users\qqq02\Desktop\99_docs_analysis\datasets\recorded\webcam_30_words\like\like_20260329_192549_002.mp4,0,20.00,48,1280,720,2.40,2026-03-29 19:25:49
like_20260329_192551_003,like,C:\Users\qqq02\Desktop\99_docs_analysis\datasets\recorded\webcam_30_words\like\like_20260329_192551_003.mp4,0,20.00,48,1280,720,2.40,2026-03-29 19:25:51
like_20260329_192554_004,like,C:\Users\qqq02\Desktop\99_docs_analysis\datasets\recorded\webcam_30_words\like\like_20260329_192554_004.mp4,0,20.00,48,1280,720,2.40,2026-03-29 19:25:54
like_20260329_192556_005,like,C:\Users\qqq02\Desktop\99_docs_analysis\datasets\recorded\webcam_30_words\like\like_20260329_192556_005.mp4,0,20.00,48,1280,720,2.40,2026-03-29 19:25:56
like_20260329_192558_006,like,C:\Users\qqq02\Desktop\99_docs_analysis\datasets\recorded\webcam_30_words\like\like_20260329_192558_006.mp4,0,20.00,48,1280,720,2.40,2026-03-29 19:25:59
like_20260329_192601_007,like,C:\Users\qqq02\Desktop\99_docs_analysis\datasets\recorded\webcam_30_words\like\like_20260329_192601_007.mp4,0,20.00,48,1280,720,2.40,2026-03-29 19:26:01
like_20260329_192603_008,like,C:\Users\qqq02\Desktop\99_docs_analysis\datasets\recorded\webcam_30_words\like\like_20260329_192603_008.mp4,0,20.00,48,1280,720,2.40,2026-03-29 19:26:03
like_20260329_192606_009,like,C:\Users\qqq02\Desktop\99_docs_analysis\datasets\recorded\webcam_30_words\like\like_20260329_192606_009.mp4,0,20.00,48,1280,720,2.40,2026-03-29 19:26:06
like_20260329_192608_010,like,C:\Users\qqq02\Desktop\99_docs_analysis\datasets\recorded\webcam_30_words\like\like_20260329_192608_010.mp4,0,20.00,48,1280,720,2.40,2026-03-29 19:26:08
like_20260329_192610_011,like,C:\Users\qqq02\Desktop\99_docs_analysis\datasets\recorded\webcam_30_words\like\like_20260329_192610_011.mp4,0,20.00,48,1280,720,2.40,2026-03-29 19:26:10
like_20260329_192613_012,like,C:\Users\qqq02\Desktop\99_docs_analysis\datasets\recorded\webcam_30_words\like\like_20260329_192613_012.mp4,0,20.00,48,1280,720,2.40,2026-03-29 19:26:13
like_20260329_192615_013,like,C:\Users\qqq02\Desktop\99_docs_analysis\datasets\recorded\webcam_30_words\like\like_20260329_192615_013.mp4,0,20.00,48,1280,720,2.40,2026-03-29 19:26:15
like_20260329_192617_014,like,C:\Users\qqq02\Desktop\99_docs_analysis\datasets\recorded\webcam_30_words\like\like_20260329_192617_014.mp4,0,20.00,48,1280,720,2.40,2026-03-29 19:26:18
like_20260329_192620_015,like,C:\Users\qqq02\Desktop\99_docs_analysis\datasets\recorded\webcam_30_words\like\like_20260329_192620_015.mp4,0,20.00,48,1280,720,2.40,2026-03-29 19:26:20
like_20260329_192622_016,like,C:\Users\qqq02\Desktop\99_docs_analysis\datasets\recorded\webcam_30_words\like\like_20260329_192622_016.mp4,0,20.00,48,1280,720,2.40,2026-03-29 19:26:22
like_20260329_192625_017,like,C:\Users\qqq02\Desktop\99_docs_analysis\datasets\recorded\webcam_30_words\like\like_20260329_192625_017.mp4,0,20.00,48,1280,720,2.40,2026-03-29 19:26:25
like_20260329_192627_018,like,C:\Users\qqq02\Desktop\99_docs_analysis\datasets\recorded\webcam_30_words\like\like_20260329_192627_018.mp4,0,20.00,48,1280,720,2.40,2026-03-29 19:26:27
like_20260329_192629_019,like,C:\Users\qqq02\Desktop\99_docs_analysis\datasets\recorded\webcam_30_words\like\like_20260329_192629_019.mp4,0,20.00,48,1280,720,2.40,2026-03-29 19:26:29
like_20260329_192632_020,like,C:\Users\qqq02\Desktop\99_docs_analysis\datasets\recorded\webcam_30_words\like\like_20260329_192632_020.mp4,0,20.00,48,1280,720,2.40,2026-03-29 19:26:32
like_20260329_192634_021,like,C:\Users\qqq02\Desktop\99_docs_analysis\datasets\recorded\webcam_30_words\like\like_20260329_192634_021.mp4,0,20.00,48,1280,720,2.40,2026-03-29 19:26:34
like_20260329_192636_022,like,C:\Users\qqq02\Desktop\99_docs_analysis\datasets\recorded\webcam_30_words\like\like_20260329_192636_022.mp4,0,20.00,48,1280,720,2.40,2026-03-29 19:26:36
like_20260329_192639_023,like,C:\Users\qqq02\Desktop\99_docs_analysis\datasets\recorded\webcam_30_words\like\like_20260329_192639_023.mp4,0,20.00,48,1280,720,2.40,2026-03-29 19:26:39
like_20260329_192641_024,like,C:\Users\qqq02\Desktop\99_docs_analysis\datasets\recorded\webcam_30_words\like\like_20260329_192641_024.mp4,0,20.00,48,1280,720,2.40,2026-03-29 19:26:41
like_20260329_192643_025,like,C:\Users\qqq02\Desktop\99_docs_analysis\datasets\recorded\webcam_30_words\like\like_20260329_192643_025.mp4,0,20.00,48,1280,720,2.40,2026-03-29 19:26:44
like_20260329_192646_026,like,C:\Users\qqq02\Desktop\99_docs_analysis\datasets\recorded\webcam_30_words\like\like_20260329_192646_026.mp4,0,20.00,48,1280,720,2.40,2026-03-29 19:26:46
like_20260329_192648_027,like,C:\Users\qqq02\Desktop\99_docs_analysis\datasets\recorded\webcam_30_words\like\like_20260329_192648_027.mp4,0,20.00,48,1280,720,2.40,2026-03-29 19:26:48
like_20260329_192651_028,like,C:\Users\qqq02\Desktop\99_docs_analysis\datasets\recorded\webcam_30_words\like\like_20260329_192651_028.mp4,0,20.00,48,1280,720,2.40,2026-03-29 19:26:51
like_20260329_192653_029,like,C:\Users\qqq02\Desktop\99_docs_analysis\datasets\recorded\webcam_30_words\like\like_20260329_192653_029.mp4,0,20.00,48,1280,720,2.40,2026-03-29 19:26:53
like_20260329_192655_030,like,C:\Users\qqq02\Desktop\99_docs_analysis\datasets\recorded\webcam_30_words\like\like_20260329_192655_030.mp4,0,20.00,48,1280,720,2.40,2026-03-29 19:26:55
